Precision;Recall
0.5468975468975469;0.0
0.532598228121074;0.09999999999999981
0.4131813709253826;0.19999999999999962
0.29479364250225526;0.3000000000000005
0.22909103062738426;0.39999999999999925
0.17920862120455958;0.5
0.12777678357945088;0.600000000000001
0.09404298141528314;0.7000000000000013
0.06815248085063633;0.7999999999999985
0.05011057752558096;0.9000000000000008
