Precision;Recall
0.5626262626262627;0.0
0.4927647886874473;0.09999999999999981
0.3750033039291285;0.19999999999999962
0.2565798341178779;0.3000000000000005
0.20999010472468396;0.39999999999999925
0.1596157304552191;0.5
0.11676637134525111;0.600000000000001
0.08792587063117073;0.7000000000000013
0.06667655340576532;0.7999999999999985
0.049707460136002926;0.9000000000000008
