Precision;Recall
0.14159779614325077;0.41047829812619707
0.09517906336088157;0.5078702063046632
0.07682889501071319;0.5841291063895745
0.06584022038567493;0.6469180988569928
0.05799816345270893;0.6940356580948721
0.05215794306703395;0.7387724609437059
0.04836678473042108;0.7902732217018249
0.04551193755739209;0.8457769838217429
0.04317926742169166;0.8976571133452996
0.041056014692378316;0.9360042175260421
0.03920193672259788;0.9811521144098659
