Precision;Recall
0.5581632653061225;0.0
0.49222713810819113;0.09999999999999981
0.37351524240459577;0.19999999999999962
0.2571906353693316;0.3000000000000005
0.21055058241433136;0.39999999999999925
0.1599257145605214;0.5
0.11681713298678703;0.600000000000001
0.0877051740036583;0.7000000000000013
0.06623087871100165;0.7999999999999985
0.049233517421535145;0.9000000000000008
0.041133220541075495;1.0
