Precision;Recall
0.5422740524781341;0.0
0.5315882207818154;0.09999999999999981
0.4117022059870322;0.19999999999999962
0.2923299869761765;0.3000000000000005
0.22950561728213778;0.39999999999999925
0.1795410090190488;0.5
0.12786148271380815;0.600000000000001
0.09390566489911255;0.7000000000000013
0.06775142310063387;0.7999999999999985
0.049639889844681595;0.9000000000000008
0.040870192556312336;1.0
