Precision;Recall
0.151147842056933;0.42653254980016786
0.10224977043158866;0.5298860491892504
0.08236914600550965;0.609741262048374
0.06997245179063365;0.6718267485100207
0.06124885215794303;0.7270846195815408
0.05454545454545456;0.7623876455295626
0.04952118588482224;0.8037523384334667
0.0460629017447199;0.8477212117153092
0.04370982552800736;0.9021886882250606
0.041212121212121214;0.9393124028075827
0.03920193672259788;0.9810307143143124
